{"name":"e87d1070-19e7-4152-b4f2-930d124054cd","id":"/providers/Microsoft.Flow/flows/e87d1070-19e7-4152-b4f2-930d124054cd","type":"Microsoft.Flow/flows","properties":{"apiId":"/providers/Microsoft.PowerApps/apis/shared_logicflows","displayName":"Http -> Condition,Initialize variable,Get Contacts By Email Address...","definition":{"metadata":{"workflowEntityId":null,"processAdvisorMetadata":null,"flowclientsuspensionreason":"None","flowclientsuspensiontime":null,"creator":{"id":"a0254c17-4e1d-4747-a116-29ec4e6c38d1","type":"User","tenantId":"d9e4b9dc-27a2-4a15-ba21-c6d7ab399800"},"provisioningMethod":"FromDefinition","failureAlertSubscription":true,"clientLastModifiedTime":"2022-03-10T09:00:19.5019494Z"},"$schema":"https://schema.management.azure.com/providers/Microsoft.Logic/schemas/2016-06-01/workflowdefinition.json#","contentVersion":"1.0.0.0","parameters":{"$connections":{"defaultValue":{},"type":"Object"},"$authentication":{"defaultValue":{},"type":"SecureObject"}},"triggers":{"manual":{"metadata":{"operationMetadataId":"16c1c193-cc91-4675-954b-902e5da0e37c"},"type":"Request","kind":"Http","inputs":{"schema":{"type":"object","properties":{"ContactEmailAddress":{"type":"string"}}},"method":"POST","relativePath":"getContactByEmail"}}},"actions":{"Condition":{"actions":{"Get_Contacts_By_Email_Address":{"runAfter":{},"metadata":{"operationMetadataId":"56132f5c-5e85-4751-8c6e-120207a184c8"},"type":"OpenApiConnection","inputs":{"host":{"apiId":"/providers/Microsoft.PowerApps/apis/shared_commondataserviceforapps","connectionName":"shared_commondataserviceforapps","operationId":"ListRecords"},"parameters":{"entityName":"contacts","$filter":"emailaddress1 eq '@{triggerBody()?['ContactEmailAddress']}'"},"authentication":"@parameters('$authentication')"}},"Apply_to_each":{"foreach":"@outputs('Get_Contacts_By_Email_Address')?['body/value']","actions":{"Compose":{"runAfter":{},"metadata":{"operationMetadataId":"9bc469b8-1771-40b4-bb61-ed2187de4d72"},"type":"Compose","inputs":{"FirstName":"@{items('Apply_to_each')?['firstname']}","LastName":"@{items('Apply_to_each')?['lastname']}","ContactId":"@{items('Apply_to_each')?['contactid']}"}},"Append_to_array_variable":{"runAfter":{"Compose":["Succeeded"]},"metadata":{"operationMetadataId":"2afb6cf1-531f-46d6-a812-9eeb16375822"},"type":"AppendToArrayVariable","inputs":{"name":"Data","value":"@outputs('Compose')"}}},"runAfter":{"Get_Contacts_By_Email_Address":["Succeeded"]},"metadata":{"operationMetadataId":"517c7a14-4c24-454f-968e-a91724393d4b"},"type":"Foreach"},"Response":{"runAfter":{"Apply_to_each":["Succeeded"]},"metadata":{"operationMetadataId":"124f9c54-f0d8-4b70-a9db-ae869d043895"},"type":"Response","kind":"Http","inputs":{"statusCode":200,"body":"@variables('Data')"}}},"runAfter":{"Initialize_variable":["Succeeded"]},"expression":{"not":{"equals":["@triggerBody()?['ContactEmailAddress']","@null"]}},"metadata":{"operationMetadataId":"c98b5709-7cec-4c32-a4fb-e8113e27a06f"},"type":"If"},"Initialize_variable":{"runAfter":{},"metadata":{"operationMetadataId":"83e3cf11-2d49-4f8b-a1ff-cbb25c614952"},"type":"InitializeVariable","inputs":{"variables":[{"name":"Data","type":"array"}]}}},"outputs":{}},"connectionReferences":{"shared_commondataserviceforapps":{"connectionName":"shared-commondataser-1b4a0d05-6ecc-4923-a8fb-7cd2-704bd549","source":"Embedded","id":"/providers/Microsoft.PowerApps/apis/shared_commondataserviceforapps","tier":"NotSpecified"}},"flowFailureAlertSubscribed":false}}