{"name":"1415c8cf-5611-4907-b28b-6e04ab98a6af","id":"/providers/Microsoft.Flow/flows/1415c8cf-5611-4907-b28b-6e04ab98a6af","type":"Microsoft.Flow/flows","properties":{"apiId":"/providers/Microsoft.PowerApps/apis/shared_logicflows","displayName":"When a row is added, modified or deleted -> List rows,Apply to each...","definition":{"metadata":{"workflowEntityId":null,"processAdvisorMetadata":null,"flowclientsuspensionreason":"None","flowclientsuspensionreasondetails":null,"flowclientsuspensiontime":null,"creator":{"id":"a0254c17-4e1d-4747-a116-29ec4e6c38d1","type":"User","tenantId":"d9e4b9dc-27a2-4a15-ba21-c6d7ab399800"},"provisioningMethod":"FromDefinition","failureAlertSubscription":true,"clientLastModifiedTime":"2022-11-05T13:14:07.7395242Z"},"$schema":"https://schema.management.azure.com/providers/Microsoft.Logic/schemas/2016-06-01/workflowdefinition.json#","contentVersion":"1.0.0.0","parameters":{"$connections":{"defaultValue":{},"type":"Object"},"$authentication":{"defaultValue":{},"type":"SecureObject"}},"triggers":{"When_a_row_is_added,_modified_or_deleted":{"metadata":{"operationMetadataId":"fbff0405-5efb-40be-9ee9-adcfaf2a240d"},"type":"OpenApiConnectionWebhook","inputs":{"host":{"apiId":"/providers/Microsoft.PowerApps/apis/shared_commondataserviceforapps","connectionName":"shared_commondataserviceforapps","operationId":"SubscribeWebhookTrigger"},"parameters":{"subscriptionRequest/message":3,"subscriptionRequest/entityname":"incident","subscriptionRequest/scope":4,"subscriptionRequest/filteringattributes":"cr4fc_workerid"},"authentication":"@parameters('$authentication')"}}},"actions":{"List_rows":{"runAfter":{},"metadata":{"operationMetadataId":"fc68c4b9-34df-4e65-9121-85248c5a0f02"},"type":"OpenApiConnection","inputs":{"host":{"apiId":"/providers/Microsoft.PowerApps/apis/shared_commondataserviceforapps","connectionName":"shared_commondataserviceforapps","operationId":"ListRecords"},"parameters":{"entityName":"queueitems","$filter":"_objectid_value eq '@{triggerOutputs()?['body/incidentid']}'","$top":1},"authentication":"@parameters('$authentication')"}},"Apply_to_each":{"foreach":"@outputs('List_rows')?['body/value']","actions":{"Update_a_row":{"runAfter":{},"metadata":{"operationMetadataId":"1d4dae74-72dc-482c-91b8-3a93b62c83a7"},"type":"OpenApiConnection","inputs":{"host":{"apiId":"/providers/Microsoft.PowerApps/apis/shared_commondataserviceforapps","connectionName":"shared_commondataserviceforapps","operationId":"UpdateRecord"},"parameters":{"entityName":"queueitems","recordId":"@items('Apply_to_each')?['queueitemid']","item/workerid_systemuser@odata.bind":"/systemusers(@{triggerOutputs()?['body/_cr4fc_workerid_value']})"},"authentication":"@parameters('$authentication')"}}},"runAfter":{"List_rows":["Succeeded"]},"metadata":{"operationMetadataId":"e8d1eb6b-310c-4bb9-9164-e3a0a5759ad6"},"type":"Foreach"}},"outputs":{}},"connectionReferences":{"shared_commondataserviceforapps":{"connectionName":"shared-commondataser-1bc43ddd-2976-45bd-b8db-a79a3fbc5e0d","source":"Embedded","id":"/providers/Microsoft.PowerApps/apis/shared_commondataserviceforapps","tier":"NotSpecified"}},"flowFailureAlertSubscribed":false,"isManaged":false}}